<?xml version="1.0" encoding="UTF-8"?>
<project-private xmlns="http://www.netbeans.org/ns/project-private/1">
    <editor-bookmarks xmlns="http://www.netbeans.org/ns/editor-bookmarks/2" lastBookmarkId="0"/>
    <open-files xmlns="http://www.netbeans.org/ns/projectui-open-files/2">
        <group>
            <file>file:/C:/Users/INGSIS/Desktop/sss/Taller5.2-ArmarPlanes-Builder-Incompleto/Taller5.2-ArmarPlanes-Builder-Incompleto/src/co/agenciaviajes/negocio/CartagenaBuilder.java</file>
            <file>file:/C:/Users/INGSIS/Desktop/sss/Taller5.2-ArmarPlanes-Builder-Incompleto/Taller5.2-ArmarPlanes-Builder-Incompleto/src/co/agenciaviajes/negocio/DirectorPlan.java</file>
            <file>file:/C:/Users/INGSIS/Desktop/sss/Taller5.2-ArmarPlanes-Builder-Incompleto/Taller5.2-ArmarPlanes-Builder-Incompleto/src/co/agenciaviajes/negocio/santaMartaBuilder.java</file>
            <file>file:/C:/Users/INGSIS/Desktop/sss/Taller5.2-ArmarPlanes-Builder-Incompleto/Taller5.2-ArmarPlanes-Builder-Incompleto/src/co/agenciaviajes/negocio/Cliente.java</file>
            <file>file:/C:/Users/INGSIS/Desktop/sss/Taller5.2-ArmarPlanes-Builder-Incompleto/Taller5.2-ArmarPlanes-Builder-Incompleto/src/co/agenciaviajes/negocio/PlanBuilder.java</file>
            <file>file:/C:/Users/INGSIS/Desktop/sss/Taller5.2-ArmarPlanes-Builder-Incompleto/Taller5.2-ArmarPlanes-Builder-Incompleto/src/co/agenciaviajes/negocio/Plan.java</file>
            <file>file:/C:/Users/INGSIS/Desktop/sss/Taller5.2-ArmarPlanes-Builder-Incompleto/Taller5.2-ArmarPlanes-Builder-Incompleto/src/co/agenciaviajes/negocio/SanAndresBuilder.java</file>
            <file>file:/C:/Users/INGSIS/Desktop/sss/Taller5.2-ArmarPlanes-Builder-Incompleto/Taller5.2-ArmarPlanes-Builder-Incompleto/src/co/agenciaviajes/clientemain/ClienteMain.java</file>
        </group>
    </open-files>
</project-private>
